objective_index,reference_value
0,2.9312522049931267
1,55.82767816545254
2,918.7992325704497
